<?xml version="1.0" encoding="UTF-8"?>
    <addon id="repository.gxplimited" name="[COLOR red]GXP Limited Repo[/COLOR]" version="1.0.7" provider-name="GXP Limited">
        <requires>
            <import addon="xbmc.addon" version="12.0.0"/>
        </requires>
        <extension point="xbmc.addon.repository" name="GXP Limited Repo">
            <info compressed="false">http://gxplimited.com/kodi/_repo/addons.xml</info>
            <checksum>http://gxplimited.com/kodi/_repo/addons.xml.md5</checksum>
            <datadir zip="true">http://gxplimited.com/kodi/_repo/</datadir>
            <hashes>false</hashes>
        </extension>
        <extension point="xbmc.addon.metadata">
            <summary>GXP Limited Repository</summary>
            <description>GXP Repo for Addons and Wizard.</description>
            <platform>all</platform>
    </extension>
</addon>